"Source","Target"
"16car","16car"
"55tbrd","55tbrd"
"5hur1k3nx","5hur1k3nx"
"6g_fiber","6g_fiber"
"ADHD_Lightworker","ADHD_Lightworker"
"AGreen1221","AGreen1221"
"AK907Catherine","AK907Catherine"
"AOD14","AOD14"
"A_Curious_Skeptic_","A_Curious_Skeptic_"
"Able_Ad9016","Able_Ad9016"
"AcadianFox","AcadianFox"
"AcceptableUse1","AcceptableUse1"
"Acceptable_Log_9294","Acceptable_Log_9294"
"Acceptable_Rip235","Acceptable_Rip235"
"Acceptable_Water6173","Acceptable_Water6173"
"ActMysterious5351","ActMysterious5351"
"Active-Delivery-7556","Active-Delivery-7556"
"AdLess5109","AdLess5109"
"Adorable-Ad-2050","Adorable-Ad-2050"
"Advanced-Ad9686","Advanced-Ad9686"
"Adventurous_Dog_4552","Adventurous_Dog_4552"
"Affectionate-Grab325","Affectionate-Grab325"
"Affectionate_Wind479","Affectionate_Wind479"
"Aggravating-Ad7763","Aggravating-Ad7763"
"Aggravating_Court_40","Aggravating_Court_40"
"Aggressive_Head_9030","Aggressive_Head_9030"
"Aimeeboz","Aimeeboz"
"Aioli_Level","Aioli_Level"
"Alive-Future-7789","Alive-Future-7789"
"All-about-balance","All-about-balance"
"AllFoodsFit70","AllFoodsFit70"
"AllSxsAndSvns","AllSxsAndSvns"
"All_will_be_Juan","All_will_be_Juan"
"AltitudeSickness221","AltitudeSickness221"
"Alwaysabundant333","Alwaysabundant333"
"AlyciaDC","AlyciaDC"
"Ambitious-Season-22","Ambitious-Season-22"
"Ambitious-Session157","Ambitious-Session157"
"AmbitiousAmphibian44","AmbitiousAmphibian44"
"Ancient_Avocado_9741","Ancient_Avocado_9741"
"Ancient_Winter","Ancient_Winter"
"Annual_Ad_2809","Annual_Ad_2809"
"Antique_Mood_4268","Antique_Mood_4268"
"Anxious-Nature6648","Anxious-Nature6648"
"Any_Raisin_3438","Any_Raisin_3438"
"Apart-Employment-698","Apart-Employment-698"
"Apprehensive-Bag7222","Apprehensive-Bag7222"
"Apprehensive-Head161","Apprehensive-Head161"
"Apprehensive-Try9777","Apprehensive-Try9777"
"Apprehensive_Sky9114","Apprehensive_Sky9114"
"Appropriate-Talk8523","Appropriate-Talk8523"
"AriaPoe","AriaPoe"
"Arrant-frost","Arrant-frost"
"ArtisticBuddy4897","ArtisticBuddy4897"
"AsianSlice30_","AsianSlice30_"
"Asleep-Pineapple-650","Asleep-Pineapple-650"
"AsternSleet22","AsternSleet22"
"AutoModerator","AutoModerator"
"Automatic-Share-229","Automatic-Share-229"
"Automatic_Fortune_37","Automatic_Fortune_37"
"Autumn_Wise_1","Autumn_Wise_1"
"Avo_gal","Avo_gal"
"Avocado8756","Avocado8756"
"Avocado_Aly","Avocado_Aly"
"Aware_Background_52","Aware_Background_52"
"Aware_Description940","Aware_Description940"
"Away_Ad6913","Away_Ad6913"
"BACReddit","BACReddit"
"Baby-Blue-Lily","Baby-Blue-Lily"
"Bachatera369","Bachatera369"
"BallTillUFall01","BallTillUFall01"
"BananazHead8542","BananazHead8542"
"Beane_the_RD","Beane_the_RD"
"BeansandCheeseRD","BeansandCheeseRD"
"BecauseWhyNotHaveFun","BecauseWhyNotHaveFun"
"BedPsychological8764","BedPsychological8764"
"BeneficialLaw6429","BeneficialLaw6429"
"BettaStef","BettaStef"
"BigCito","BigCito"
"BiochemneRD16","BiochemneRD16"
"Bitter_Evening_712","Bitter_Evening_712"
"BlondeHuntress518","BlondeHuntress518"
"Bluepie19","Bluepie19"
"Boobert2009","Boobert2009"
"BoomieYagami","BoomieYagami"
"BootSuspicious5153","BootSuspicious5153"
"Both_Courage8066","Both_Courage8066"
"Builtlikean_amazon","Builtlikean_amazon"
"Bulky_Cheetah_4233","Bulky_Cheetah_4233"
"BunchofQuinoa","BunchofQuinoa"
"Bwrw_glaw","Bwrw_glaw"
"C_uriou_s","C_uriou_s"
"CaliforniaDietitian","CaliforniaDietitian"
"CalligrapherFit8962","CalligrapherFit8962"
"CalligrapherOk6946","CalligrapherOk6946"
"CalligrapherOne3231","CalligrapherOne3231"
"CanaryRevolutionary9","CanaryRevolutionary9"
"CandyLandsxo","CandyLandsxo"
"Careful_Comb","Careful_Comb"
"Careless_Chair_4365","Careless_Chair_4365"
"Cat1991","Cat1991"
"CatMom5_","CatMom5_"
"CatsAndSnacks13","CatsAndSnacks13"
"Caulipower411","Caulipower411"
"CauseDue2360","CauseDue2360"
"Chad_RD","Chad_RD"
"ChanDW","ChanDW"
"Character-Skirt-1590","Character-Skirt-1590"
"CharlestonTrees119","CharlestonTrees119"
"CharliDreamer","CharliDreamer"
"Charming-Opening-164","Charming-Opening-164"
"Charming_Shift9923","Charming_Shift9923"
"Chemical-Junket-902","Chemical-Junket-902"
"ChemistryKind1425","ChemistryKind1425"
"Chicdietetics18","Chicdietetics18"
"CholecalciferPaal","CholecalciferPaal"
"ChonkyZucchini","ChonkyZucchini"
"Chromure215","Chromure215"
"CinnamonDB","CinnamonDB"
"Clairity95","Clairity95"
"Cleopatrasmama1996","Cleopatrasmama1996"
"Coachk135_","Coachk135_"
"Cold_Jackfruit_8137","Cold_Jackfruit_8137"
"Comfortable_Bee_7410","Comfortable_Bee_7410"
"Comfortable_Cod7527","Comfortable_Cod7527"
"Comfortable_Idea7085","Comfortable_Idea7085"
"Commercial-Sundae663","Commercial-Sundae663"
"Commercial_Peanut_79","Commercial_Peanut_79"
"Commercial_Tap5167","Commercial_Tap5167"
"Competitive-Ad8434","Competitive-Ad8434"
"Confident-Angle-2026","Confident-Angle-2026"
"Confident-Cat-6153","Confident-Cat-6153"
"Confident_Ideal4219","Confident_Ideal4219"
"Confident_Mind_2865","Confident_Mind_2865"
"Connect-Rutabaga-284","Connect-Rutabaga-284"
"ConsciousMistake9824","ConsciousMistake9824"
"ConsiderationNo2986","ConsiderationNo2986"
"Cook-cooks","Cook-cooks"
"CoolKidsClub4One","CoolKidsClub4One"
"Corinam","Corinam"
"CourtHeels","CourtHeels"
"CraftMaster5000","CraftMaster5000"
"Crafty_Shine_9658","Crafty_Shine_9658"
"Creative-Type22","Creative-Type22"
"Creative_Seashell","Creative_Seashell"
"Critical-Tangelo5305","Critical-Tangelo5305"
"Critical-Watch6369","Critical-Watch6369"
"Critical_Lobster_598","Critical_Lobster_598"
"CrustySausage_","CrustySausage_"
"Cuddlespup","Cuddlespup"
"Curious-RD","Curious-RD"
"Cyndi_Gibs","Cyndi_Gibs"
"DM_K99","DM_K99"
"Dalleyish","Dalleyish"
"Dangerous_Ad_360","Dangerous_Ad_360"
"DazzlingApartment156","DazzlingApartment156"
"Deadellatrombone","Deadellatrombone"
"Dear-Conflict4428","Dear-Conflict4428"
"DearAbbreviations57","DearAbbreviations57"
"December95","December95"
"DeciduousTree","DeciduousTree"
"Deep_Tomatillo_6347","Deep_Tomatillo_6347"
"Defiant-Thanks5025","Defiant-Thanks5025"
"DeliciousSpecial675","DeliciousSpecial675"
"Denvergal05","Denvergal05"
"DepartmentF-N1738","DepartmentF-N1738"
"Dependent_Release986","Dependent_Release986"
"Dependent_Toe_2055","Dependent_Toe_2055"
"DepressedPaella","DepressedPaella"
"DieteticDude","DieteticDude"
"Dietitian79","Dietitian79"
"DietitianE","DietitianE"
"DietitianSpecies5618","DietitianSpecies5618"
"Dietitianmomma","Dietitianmomma"
"Different-Mall-1483","Different-Mall-1483"
"Different-Smile-2166","Different-Smile-2166"
"Diligent_Poetry_8582","Diligent_Poetry_8582"
"DimensionEconomy6647","DimensionEconomy6647"
"DiplomaticRD","DiplomaticRD"
"DireGorilla88","DireGorilla88"
"Direct-Savings6764","Direct-Savings6764"
"DisTattooed85","DisTattooed85"
"Disastrous-Try-4394","Disastrous-Try-4394"
"DisneyBabyGirl","DisneyBabyGirl"
"DistanceBeautiful789","DistanceBeautiful789"
"DixieDewdrop4","DixieDewdrop4"
"Dizzy_Respect5296","Dizzy_Respect5296"
"DrDre2003","DrDre2003"
"DragonfruitSubject70","DragonfruitSubject70"
"DramaHungry2075","DramaHungry2075"
"DriveFamous8068","DriveFamous8068"
"Dry-Teaching-3120","Dry-Teaching-3120"
"Dsplcmnt-f-thngs0_o","Dsplcmnt-f-thngs0_o"
"DublinClover","DublinClover"
"Due_Description_1568","Due_Description_1568"
"Due_Distribution2139","Due_Distribution2139"
"EagleRealistic7388","EagleRealistic7388"
"Early_Possibility953","Early_Possibility953"
"Early_Tie9620","Early_Tie9620"
"EastHuckleberry5191","EastHuckleberry5191"
"Eastern-Ask4272","Eastern-Ask4272"
"EatM0reBeans","EatM0reBeans"
"Educational_Lie6805","Educational_Lie6805"
"Educational_Tea_7571","Educational_Tea_7571"
"Efficient_Bus_1348","Efficient_Bus_1348"
"Efwain","Efwain"
"Electrical_Wash5754","Electrical_Wash5754"
"Electronic-Friend-57","Electronic-Friend-57"
"Electronic_Blood7212","Electronic_Blood7212"
"Elly5056","Elly5056"
"Embarrassed-Jello162","Embarrassed-Jello162"
"EmbarrassedBuy2439","EmbarrassedBuy2439"
"EmmaSuzuki","EmmaSuzuki"
"EndPleasantPatrol","EndPleasantPatrol"
"Entire_Run_3101","Entire_Run_3101"
"EnvironmentalSet7664","EnvironmentalSet7664"
"Etiolated-Shrew","Etiolated-Shrew"
"EudaimoniaFruit","EudaimoniaFruit"
"EveryProfession5441","EveryProfession5441"
"Every_Ostrich_9140","Every_Ostrich_9140"
"Evil_eye87","Evil_eye87"
"ExitLow","ExitLow"
"Express-Character643","Express-Character643"
"Extension-Artist7839","Extension-Artist7839"
"Extra-Blueberry-4320","Extra-Blueberry-4320"
"Extra-Vegetable1849","Extra-Vegetable1849"
"Extra_Welcome9592","Extra_Welcome9592"
"Extreme_Meringue3421","Extreme_Meringue3421"
"Extreme_Peach6522","Extreme_Peach6522"
"Eyeheartfood","Eyeheartfood"
"FNKTL","FNKTL"
"Fair_Consequence_272","Fair_Consequence_272"
"Fair_Onion_1289","Fair_Onion_1289"
"False-Season-626","False-Season-626"
"FamiliarLine7685","FamiliarLine7685"
"Fangbianmian14","Fangbianmian14"
"Fantastic-Try8314","Fantastic-Try8314"
"FantasticSign7472","FantasticSign7472"
"Far-Ad1174","Far-Ad1174"
"Far_Team_8643","Far_Team_8643"
"Fast-Marsupial-9286","Fast-Marsupial-9286"
"FastSloth6","FastSloth6"
"Fearless-Elk3246","Fearless-Elk3246"
"FearlessTangerine222","FearlessTangerine222"
"Feeling-Egg-3772","Feeling-Egg-3772"
"FeistyFuel1172","FeistyFuel1172"
"Fibberati","Fibberati"
"FinancialStop8368","FinancialStop8368"
"First-Lake5522","First-Lake5522"
"Firstratey","Firstratey"
"Fit_Hovercraft_7409","Fit_Hovercraft_7409"
"Flagstaffishell","Flagstaffishell"
"FlakyAd2928","FlakyAd2928"
"Flashy_Passenger_628","Flashy_Passenger_628"
"Flat-Sky3809","Flat-Sky3809"
"FluffyPenguin17","FluffyPenguin17"
"FlyinPurplePartyPony","FlyinPurplePartyPony"
"Flying_Bananas829","Flying_Bananas829"
"FoodGuru88","FoodGuru88"
"Food_Lover3000","Food_Lover3000"
"Foreign-Equipment-90","Foreign-Equipment-90"
"Fragrant_Wait_8947","Fragrant_Wait_8947"
"Free-Cartoonist-5134","Free-Cartoonist-5134"
"FriendshipAccording3","FriendshipAccording3"
"Frosty_Ad_4920","Frosty_Ad_4920"
"Frosty_Molasses_1141","Frosty_Molasses_1141"
"Full-Technician-5056","Full-Technician-5056"
"FullTorsoApparition","FullTorsoApparition"
"Full_FrontaI_Nerdity","Full_FrontaI_Nerdity"
"Fun-Specific9345","Fun-Specific9345"
"Future-Brilliant7964","Future-Brilliant7964"
"FutureRDBaddie","FutureRDBaddie"
"Future_Contract8689","Future_Contract8689"
"Futureacct","Futureacct"
"GB3754","GB3754"
"Gabs_sunshine","Gabs_sunshine"
"Garcia5253","Garcia5253"
"Gingertitian","Gingertitian"
"Ginjahhw","Ginjahhw"
"Ginseekingginger","Ginseekingginger"
"Global-Complaint-482","Global-Complaint-482"
"Glum-Object3684","Glum-Object3684"
"Godisgood2223","Godisgood2223"
"Golffit4you","Golffit4you"
"Goodboyskunk","Goodboyskunk"
"GorillaShelb","GorillaShelb"
"Grand-Divide-7476","Grand-Divide-7476"
"Greasyidiot","Greasyidiot"
"Greeneyesablaze","Greeneyesablaze"
"Grok22","Grok22"
"GruGruxQueen777","GruGruxQueen777"
"GrumpyDietitian","GrumpyDietitian"
"Guavagirl1503","Guavagirl1503"
"GwenStacySpiderCat","GwenStacySpiderCat"
"Hai_glycemic","Hai_glycemic"
"HakunaMaPooTa","HakunaMaPooTa"
"Hannah-banana_98","Hannah-banana_98"
"Haunting-Monitor1792","Haunting-Monitor1792"
"Hbrunk_RDN","Hbrunk_RDN"
"Health_Wellness9227","Health_Wellness9227"
"Healthy_Hustler","Healthy_Hustler"
"Hefty_Character7996","Hefty_Character7996"
"HeightNo4327","HeightNo4327"
"Helpful-Spell","Helpful-Spell"
"Hilarious-hoagie","Hilarious-hoagie"
"Historical-Run4864","Historical-Run4864"
"HokieGalFurever540","HokieGalFurever540"
"HolyChickenWing","HolyChickenWing"
"Honest-Historian7758","Honest-Historian7758"
"HoopsLaureate","HoopsLaureate"
"Hot_hatch_driver","Hot_hatch_driver"
"Hour-Technician-6787","Hour-Technician-6787"
"Howlsmovingcastles","Howlsmovingcastles"
"Huge-Victory3164","Huge-Victory3164"
"HugePair","HugePair"
"Hulkspurpleshorts","Hulkspurpleshorts"
"Humble_Excuse_2668","Humble_Excuse_2668"
"ITQuestionAccount","ITQuestionAccount"
"I_LoveToCook","I_LoveToCook"
"I_Luca_I","I_Luca_I"
"Icy-Leek8920","Icy-Leek8920"
"Icy_One596","Icy_One596"
"Icy_Yogurtcloset5920","Icy_Yogurtcloset5920"
"IdaLi27","IdaLi27"
"Ill-Appointment5078","Ill-Appointment5078"
"Imaginary-Gur5569","Imaginary-Gur5569"
"ImaginationOk8645","ImaginationOk8645"
"Immediate-Drawing290","Immediate-Drawing290"
"Immediate-Security14","Immediate-Security14"
"Immediate_Barber1521","Immediate_Barber1521"
"Immediate_Cup_9021","Immediate_Cup_9021"
"Immediate_Delivery84","Immediate_Delivery84"
"Important-Cabinet433","Important-Cabinet433"
"Important-Jelly-3706","Important-Jelly-3706"
"Impossible_Sky_4540","Impossible_Sky_4540"
"Impressive-Manner565","Impressive-Manner565"
"Independent-Bus-7408","Independent-Bus-7408"
"Independent-Tale9796","Independent-Tale9796"
"IndependentlyGreen","IndependentlyGreen"
"IndigoBeaumont","IndigoBeaumont"
"Individual_Heat6710","Individual_Heat6710"
"Individual_Truck_196","Individual_Truck_196"
"InevitableFish3624","InevitableFish3624"
"InevitableHospital38","InevitableHospital38"
"Inevitable_Carob1714","Inevitable_Carob1714"
"Infamous-Banana-2218","Infamous-Banana-2218"
"IntelligentWin4763","IntelligentWin4763"
"Interesting-Fig1777","Interesting-Fig1777"
"InterestingMotor8143","InterestingMotor8143"
"International-Soup57","International-Soup57"
"Intrepid-View9334","Intrepid-View9334"
"IrreverentIceCream","IrreverentIceCream"
"ItsYoshi64251","ItsYoshi64251"
"JDA_Edits","JDA_Edits"
"JanLEAPMentor","JanLEAPMentor"
"Jazzlike_Reality6360","Jazzlike_Reality6360"
"Jcan_Princess","Jcan_Princess"
"Jealous_Ad4119","Jealous_Ad4119"
"Jeweles_07","Jeweles_07"
"JoinTheBest","JoinTheBest"
"Jolly-Ad9580","Jolly-Ad9580"
"JorJorBinksBiscuits","JorJorBinksBiscuits"
"Jrdnmk","Jrdnmk"
"Jujbear","Jujbear"
"Jumpy_Computer_53","Jumpy_Computer_53"
"JuniperOlive","JuniperOlive"
"JustARedditBrowser","JustARedditBrowser"
"JustSnilloc","JustSnilloc"
"Just_Paying_T","Just_Paying_T"
"KJoytheyogi","KJoytheyogi"
"Kana-boom","Kana-boom"
"KarlMalone3","KarlMalone3"
"Karma_I_Two","Karma_I_Two"
"Karmic_Cup_96","Karmic_Cup_96"
"Katanttri","Katanttri"
"Katdaddykins","Katdaddykins"
"Key_Huckleberry_6335","Key_Huckleberry_6335"
"KiKi31Rose","KiKi31Rose"
"Kibbiesblue","Kibbiesblue"
"KickFancy","KickFancy"
"Kiddetailer","Kiddetailer"
"KidneyBean9","KidneyBean9"
"Kindly_Zone9359","Kindly_Zone9359"
"KindredSpirit24","KindredSpirit24"
"Kitcat0426","Kitcat0426"
"Klutzy_Ad4851","Klutzy_Ad4851"
"Kmdietitian4321","Kmdietitian4321"
"Known-Variety1486","Known-Variety1486"
"KraftyCatty","KraftyCatty"
"Kreos642","Kreos642"
"Kristen00715","Kristen00715"
"KryptoniteCoffee3","KryptoniteCoffee3"
"Kwalibear74","Kwalibear74"
"LRats","LRats"
"Lambchop1224","Lambchop1224"
"Last-Ad-344","Last-Ad-344"
"Late-Ad1238","Late-Ad1238"
"LenniCohen","LenniCohen"
"Libero37","Libero37"
"LibertyJubilee","LibertyJubilee"
"LieFun4330","LieFun4330"
"Little-Basils","Little-Basils"
"LiveForVacation","LiveForVacation"
"Lizxberry","Lizxberry"
"LocalIllustrator6400","LocalIllustrator6400"
"Longjumping_Host9415","Longjumping_Host9415"
"Loopy_fruits91","Loopy_fruits91"
"Lopsided-Rhubarb6072","Lopsided-Rhubarb6072"
"Lotsalocks12345","Lotsalocks12345"
"Loud_Land5932","Loud_Land5932"
"LovesGG","LovesGG"
"Low-Display-7681","Low-Display-7681"
"Lucy-Mallon-80","Lucy-Mallon-80"
"LumpyPsychology8140","LumpyPsychology8140"
"Lunamothknits","Lunamothknits"
"MMmmCrawfishies","MMmmCrawfishies"
"MagicianVisual7302","MagicianVisual7302"
"MajorPresent2295","MajorPresent2295"
"MalaiseMayonnaise","MalaiseMayonnaise"
"Mallood","Mallood"
"Mammoth_Cranberry503","Mammoth_Cranberry503"
"Mangomeg0720","Mangomeg0720"
"Mapleybacon","Mapleybacon"
"Mariaahhhhh","Mariaahhhhh"
"Maroon-Prune","Maroon-Prune"
"MarrsBar4","MarrsBar4"
"MaryHRDN","MaryHRDN"
"Max_Production","Max_Production"
"Mean_Run_7157","Mean_Run_7157"
"Medical_Sherbert5149","Medical_Sherbert5149"
"MediterraneanGal","MediterraneanGal"
"Meeno722","Meeno722"
"Meitod","Meitod"
"Mercapto_","Mercapto_"
"Merpin-n-derpin","Merpin-n-derpin"
"MetabolicTwists","MetabolicTwists"
"MidnightSlinks","MidnightSlinks"
"Mile_scones","Mile_scones"
"Millie_VanillaBean","Millie_VanillaBean"
"MiniMango_","MiniMango_"
"MirandaS1987","MirandaS1987"
"Miserable_Bid9012","Miserable_Bid9012"
"Mizchik","Mizchik"
"Mmp1210x","Mmp1210x"
"MoXMilas","MoXMilas"
"Moreno_Nutrition","Moreno_Nutrition"
"Mother_Upstairs9485","Mother_Upstairs9485"
"Ms-BizzyBee","Ms-BizzyBee"
"MuchPerspective8234","MuchPerspective8234"
"MuffinTopperz","MuffinTopperz"
"MysteriousHoney7179","MysteriousHoney7179"
"NDLPT_lover","NDLPT_lover"
"NHFoodie","NHFoodie"
"NWSRD","NWSRD"
"Nature_Found","Nature_Found"
"New-Bet-4285","New-Bet-4285"
"NewResolution2775","NewResolution2775"
"NewWestGirl","NewWestGirl"
"New_Math2015","New_Math2015"
"NiciRhes","NiciRhes"
"No-Cat-5811","No-Cat-5811"
"No-Effort-6769","No-Effort-6769"
"No-Engine2858","No-Engine2858"
"No-Explanation-8454","No-Explanation-8454"
"No-Item9286","No-Item9286"
"No-Needleworker5429","No-Needleworker5429"
"No-Promotion-8706","No-Promotion-8706"
"No-Surprise5216","No-Surprise5216"
"No-Tumbleweed4775","No-Tumbleweed4775"
"NoDrama3756","NoDrama3756"
"NoReplacement7039","NoReplacement7039"
"NoSea8595","NoSea8595"
"NoSinger2259","NoSinger2259"
"No_Bumblebee_1030","No_Bumblebee_1030"
"No_Entrepreneur_5720","No_Entrepreneur_5720"
"No_Honeydew_1309","No_Honeydew_1309"
"No_Inflation_681","No_Inflation_681"
"No_Magician543","No_Magician543"
"No_Salary_745","No_Salary_745"
"No_Translator_9633","No_Translator_9633"
"No_verbal_self_ctrl","No_verbal_self_ctrl"
"Noobender19","Noobender19"
"NotoriousMLP","NotoriousMLP"
"Novel_Captain_7867","Novel_Captain_7867"
"Now_that_is_just","Now_that_is_just"
"Numerous-Specific258","Numerous-Specific258"
"NutritionBro","NutritionBro"
"NutritionNurd","NutritionNurd"
"Nutrition_Dominatrix","Nutrition_Dominatrix"
"Nutrition_fun","Nutrition_fun"
"Nutritionista5445","Nutritionista5445"
"NutritiousLBacillus","NutritiousLBacillus"
"Nycnutr","Nycnutr"
"Obsessed_Avocado","Obsessed_Avocado"
"OcraftyOne","OcraftyOne"
"Ok-Breadfruit-2635","Ok-Breadfruit-2635"
"Ok-Industry858","Ok-Industry858"
"OkTumbleweed_nrtisk","OkTumbleweed_nrtisk"
"Ok_Annual_6588","Ok_Annual_6588"
"Ok_Arm3823","Ok_Arm3823"
"Ok_Contribution6682","Ok_Contribution6682"
"Ok_Jaguar7031","Ok_Jaguar7031"
"Ok_Protection_6283","Ok_Protection_6283"
"Old-Act-1913","Old-Act-1913"
"Old-Growth","Old-Growth"
"Omphalie23","Omphalie23"
"Open_Fee377","Open_Fee377"
"Opening-Comfort-3996","Opening-Comfort-3996"
"OpeningDistinct8558","OpeningDistinct8558"
"Optimal_Impress26","Optimal_Impress26"
"OrdinaryAsk4483","OrdinaryAsk4483"
"Ordinary_Lobster_764","Ordinary_Lobster_764"
"OrganicExcuse","OrganicExcuse"
"Other_Equal_2247","Other_Equal_2247"
"Outrageous-Tart381","Outrageous-Tart381"
"Overall-Power7732","Overall-Power7732"
"Overthegardenwall24","Overthegardenwall24"
"Oz_Von_Toco","Oz_Von_Toco"
"PBcupzz","PBcupzz"
"PI-ALL-DAY","PI-ALL-DAY"
"PaleImprovement2565","PaleImprovement2565"
"Pamplemousse-heart","Pamplemousse-heart"
"Parking_Anywhere_28","Parking_Anywhere_28"
"ParticularMix1442","ParticularMix1442"
"Passionebb77","Passionebb77"
"Past-Competition13","Past-Competition13"
"Past_Cauliflower_440","Past_Cauliflower_440"
"Patient-Custard1884","Patient-Custard1884"
"Pbloverxx33","Pbloverxx33"
"PearlLagoon","PearlLagoon"
"PeggyUni","PeggyUni"
"Perfect_Suit9132","Perfect_Suit9132"
"Phillyphan19147","Phillyphan19147"
"PistachioIcedCoffee","PistachioIcedCoffee"
"Pizza-pinay3678","Pizza-pinay3678"
"Platypus_Penguin","Platypus_Penguin"
"Pleasant_Let_4012","Pleasant_Let_4012"
"Plus-Pin-9157","Plus-Pin-9157"
"Popular-Site7588","Popular-Site7588"
"PopularDragonfruit41","PopularDragonfruit41"
"Popular_Document1399","Popular_Document1399"
"PositiveOk178","PositiveOk178"
"PositiveScarcity448","PositiveScarcity448"
"Potential-Session697","Potential-Session697"
"PresentVisual2794","PresentVisual2794"
"Prestigious-Bet2255","Prestigious-Bet2255"
"Prestigious-Yellow7","Prestigious-Yellow7"
"Pretend_Classroom_24","Pretend_Classroom_24"
"Pretty-Exit-924","Pretty-Exit-924"
"PriBake","PriBake"
"Primary-Bake4522","Primary-Bake4522"
"Prior-Golf-1247","Prior-Golf-1247"
"Pristine-Ambassador1","Pristine-Ambassador1"
"Pristine-Mousse-2147","Pristine-Mousse-2147"
"Professional_Bee_355","Professional_Bee_355"
"Proof-Grapefruit-395","Proof-Grapefruit-395"
"PuggBut","PuggBut"
"PurpleFrogs2025","PurpleFrogs2025"
"PushUnlucky7830","PushUnlucky7830"
"Puzzleheaded-Iron205","Puzzleheaded-Iron205"
"Puzzleheaded-Monkee","Puzzleheaded-Monkee"
"Puzzleheaded-Test572","Puzzleheaded-Test572"
"PuzzleheadedSky8588","PuzzleheadedSky8588"
"Q-buds","Q-buds"
"Quirky_Physics","Quirky_Physics"
"RD2retirement","RD2retirement"
"RDGuy1010","RDGuy1010"
"RDN_FamFoodFun","RDN_FamFoodFun"
"RD_Michelle","RD_Michelle"
"RDelicious","RDelicious"
"RMCM8","RMCM8"
"Racked3033","Racked3033"
"RangerAdventurous557","RangerAdventurous557"
"RaptorTickles-","RaptorTickles-"
"Ratsorozzo","Ratsorozzo"
"RavenUberAlles","RavenUberAlles"
"Real-Aside-6837","Real-Aside-6837"
"Real-Set-1210","Real-Set-1210"
"Real_Application84","Real_Application84"
"Reasonable-Reality41","Reasonable-Reality41"
"Reasonably_Green","Reasonably_Green"
"Remarkable_Hurry_896","Remarkable_Hurry_896"
"Repulsive_Doughnut40","Repulsive_Doughnut40"
"Resilient_Acorn","Resilient_Acorn"
"Resilientgirly1008","Resilientgirly1008"
"ReticentBee806","ReticentBee806"
"Revolutionary_Toe17","Revolutionary_Toe17"
"Rich-Shallot-861","Rich-Shallot-861"
"Rich_LDNRD","Rich_LDNRD"
"Rizzo2309","Rizzo2309"
"Ruth4-9","Ruth4-9"
"SadMammoth1811","SadMammoth1811"
"SafetyAggravating682","SafetyAggravating682"
"SailingRD","SailingRD"
"SailorRD","SailorRD"
"SaladsAreYuck","SaladsAreYuck"
"SamJonesLCSW","SamJonesLCSW"
"Same-Ad-6612","Same-Ad-6612"
"Same-Impression720","Same-Impression720"
"Sandlocked","Sandlocked"
"SapphireCherry","SapphireCherry"
"SavageRP","SavageRP"
"Sb__2424","Sb__2424"
"Scared-Bird2376","Scared-Bird2376"
"Sea-Extent5634","Sea-Extent5634"
"Sea-Fly-4996","Sea-Fly-4996"
"Sea-Relationship-918","Sea-Relationship-918"
"Sea-Tangerine-7158","Sea-Tangerine-7158"
"Sea-Tap-3586","Sea-Tap-3586"
"SeaIce2184","SeaIce2184"
"Sea_Spend8221","Sea_Spend8221"
"SeaworthinessFun6435","SeaworthinessFun6435"
"Seeshi-04","Seeshi-04"
"Selfdiscoverymode_on","Selfdiscoverymode_on"
"Several-Rock344","Several-Rock344"
"Severe-Avocado-9516","Severe-Avocado-9516"
"Severe-Strawberry-27","Severe-Strawberry-27"
"Shnorrkle","Shnorrkle"
"Shot_Law_5814","Shot_Law_5814"
"ShredLabs","ShredLabs"
"Significant-Metal537","Significant-Metal537"
"Silent-Detail4419","Silent-Detail4419"
"Silver-Parfait-2121","Silver-Parfait-2121"
"Simple-Sun-3523","Simple-Sun-3523"
"SirNormal7431","SirNormal7431"
"Sis-Lis790","Sis-Lis790"
"Skimamma145","Skimamma145"
"SlowBanks","SlowBanks"
"Slow_Armadillo_9129","Slow_Armadillo_9129"
"Slow_Cherry8438","Slow_Cherry8438"
"SnackBag0704","SnackBag0704"
"SnarkAdjacent","SnarkAdjacent"
"SnjwNcbt","SnjwNcbt"
"SnooHesitations2650","SnooHesitations2650"
"SnooPeripherals885","SnooPeripherals885"
"SoColdInAlaska","SoColdInAlaska"
"Soggy_Software_1364","Soggy_Software_1364"
"Solinara","Solinara"
"SomewhereChoice3010","SomewhereChoice3010"
"Sophadillaa","Sophadillaa"
"Southern-Mud4136","Southern-Mud4136"
"SouthernHeart789","SouthernHeart789"
"Specialist_Ant9595","Specialist_Ant9595"
"Spin_pretty9876","Spin_pretty9876"
"Spiritual_Resort2800","Spiritual_Resort2800"
"Spjorkie","Spjorkie"
"Sports_Dietitian","Sports_Dietitian"
"Square_Vermicelli784","Square_Vermicelli784"
"SquatsAndAvocados","SquatsAndAvocados"
"Standard-Art-105","Standard-Art-105"
"StannisGrindsTeeth","StannisGrindsTeeth"
"StayConstant","StayConstant"
"StepUp_87","StepUp_87"
"StickItUpYour_Yeah","StickItUpYour_Yeah"
"Stock_Historian_6584","Stock_Historian_6584"
"StrawberryLovers8795","StrawberryLovers8795"
"Strict_Total_4703","Strict_Total_4703"
"StrongForTheDistance","StrongForTheDistance"
"StuffyTwin","StuffyTwin"
"Stunning-Ad5290","Stunning-Ad5290"
"Subject_Device_5372","Subject_Device_5372"
"Substantial-Theory20","Substantial-Theory20"
"SubstantialLunch3998","SubstantialLunch3998"
"Sudden-Mission6557","Sudden-Mission6557"
"Sugar-mag731","Sugar-mag731"
"Summersun53","Summersun53"
"SunnyLagomorph","SunnyLagomorph"
"SuperbPoem4287","SuperbPoem4287"
"Suspicious-Spirit621","Suspicious-Spirit621"
"Sutritious","Sutritious"
"T0nicsforpeace","T0nicsforpeace"
"TLC_4978","TLC_4978"
"T_Rex_Stomp","T_Rex_Stomp"
"Talkos","Talkos"
"Tasty_Evidence_9519","Tasty_Evidence_9519"
"Tdog412__","Tdog412__"
"TechnicolorSky","TechnicolorSky"
"TemperatureMental281","TemperatureMental281"
"TerribleBobcat2391","TerribleBobcat2391"
"TerribleCrew2927","TerribleCrew2927"
"TerrierMam","TerrierMam"
"ThatBeans","ThatBeans"
"That_ppld_twcly","That_ppld_twcly"
"TheBlueHose","TheBlueHose"
"TheCHFDietitian","TheCHFDietitian"
"TheGirlInTheBox","TheGirlInTheBox"
"TheMarshmallowFairy","TheMarshmallowFairy"
"The_Stockman","The_Stockman"
"These_Forever4943","These_Forever4943"
"Thick_Succotash396","Thick_Succotash396"
"ThinkOutsideTheBox_","ThinkOutsideTheBox_"
"Throwawaysei95","Throwawaysei95"
"ThymeLordess","ThymeLordess"
"TinyFroyo7461","TinyFroyo7461"
"Tiny_Canary_825","Tiny_Canary_825"
"Tiredloafofbread","Tiredloafofbread"
"Tman78910","Tman78910"
"ToniSoaprano","ToniSoaprano"
"Top_Cherry_4663","Top_Cherry_4663"
"Tophergabriel","Tophergabriel"
"Toshandtell","Toshandtell"
"Total-Scheme-1215","Total-Scheme-1215"
"TraditionalAd5409","TraditionalAd5409"
"TrevRobinRD","TrevRobinRD"
"Trick-Loss3551","Trick-Loss3551"
"Turbulent-Option-434","Turbulent-Option-434"
"Turbulent_Inside_25","Turbulent_Inside_25"
"Turbulent_Spend_6480","Turbulent_Spend_6480"
"Twi_light_Rose","Twi_light_Rose"
"UESmom2022","UESmom2022"
"UnderstandingFull468","UnderstandingFull468"
"United-Knowledge7952","United-Knowledge7952"
"Unlikely-Culture6353","Unlikely-Culture6353"
"Valuable-Trouble-538","Valuable-Trouble-538"
"Vanshita_pamnani","Vanshita_pamnani"
"VastReveries","VastReveries"
"Veg-travel","Veg-travel"
"Vegetable_Elevators","Vegetable_Elevators"
"Vegetable_War_3525","Vegetable_War_3525"
"VegforBreakfast","VegforBreakfast"
"Vexed_Violet","Vexed_Violet"
"Visible-Distance882","Visible-Distance882"
"Visual-Loss2379","Visual-Loss2379"
"Vsnroe","Vsnroe"
"Warm-Rutabaga8184","Warm-Rutabaga8184"
"Weary_Tea489","Weary_Tea489"
"Weekly-Dig-9516","Weekly-Dig-9516"
"Weird_Canary_7964","Weird_Canary_7964"
"Western_Hamster_6349","Western_Hamster_6349"
"Wheredidiparkmyyugo","Wheredidiparkmyyugo"
"WhoGodWho","WhoGodWho"
"Wicked-elixir","Wicked-elixir"
"Wide-Teacher-5379","Wide-Teacher-5379"
"Wild-Ad7352","Wild-Ad7352"
"Wild-Veterinarian-66","Wild-Veterinarian-66"
"Womcat1","Womcat1"
"Wonderful_You4143","Wonderful_You4143"
"WrestlerTrigg","WrestlerTrigg"
"XFigro","XFigro"
"Xiagirl","Xiagirl"
"Xycotic","Xycotic"
"ZealousidealCarob540","ZealousidealCarob540"
"__lexy","__lexy"
"_batdorf_","_batdorf_"
"_canthearu_","_canthearu_"
"_les_vegetables_","_les_vegetables_"
"_virtuoutslymade","_virtuoutslymade"
"acbc63","acbc63"
"accomplished_meowcat","accomplished_meowcat"
"aconeen","aconeen"
"aeropressin","aeropressin"
"akhannah_","akhannah_"
"albie-darforyuu","albie-darforyuu"
"allfoodsfit99","allfoodsfit99"
"allthefitness21","allthefitness21"
"allylic_as_shit","allylic_as_shit"
"alwaysbalancedd","alwaysbalancedd"
"anferz","anferz"
"angsty__ang","angsty__ang"
"anon8287","anon8287"
"antekamnia","antekamnia"
"apartmentsucks123","apartmentsucks123"
"arba921","arba921"
"arl1286","arl1286"
"armwithnutrition","armwithnutrition"
"artichoke_","artichoke_"
"ashlyncara09","ashlyncara09"
"atomssphere","atomssphere"
"avajune20","avajune20"
"avilleHR","avilleHR"
"avocadotoast16","avocadotoast16"
"awoll540","awoll540"
"b_rouse","b_rouse"
"baileysovercrushed","baileysovercrushed"
"bamboIina","bamboIina"
"beachpeach11","beachpeach11"
"beachybulldog","beachybulldog"
"becka-kap","becka-kap"
"beckybbbbbbbb","beckybbbbbbbb"
"belfry_bat","belfry_bat"
"betchpleez","betchpleez"
"bicoline","bicoline"
"bigmig1000","bigmig1000"
"biochemswiftie","biochemswiftie"
"birdtummy717","birdtummy717"
"bl0ss0ms","bl0ss0ms"
"blackberryandmagpie","blackberryandmagpie"
"blondee84","blondee84"
"bloob_goes_zoom","bloob_goes_zoom"
"bluachk","bluachk"
"bluebluemeoww","bluebluemeoww"
"bluecheeseanus","bluecheeseanus"
"blueskystormysky","blueskystormysky"
"bobcance29","bobcance29"
"bodybuildingrd","bodybuildingrd"
"boilerbitch","boilerbitch"
"bomboniki","bomboniki"
"bonniejo514","bonniejo514"
"briaairb","briaairb"
"brinib5","brinib5"
"broccoliandbeans","broccoliandbeans"
"brook0810","brook0810"
"bundy_bar","bundy_bar"
"bynn98","bynn98"
"caffeinated_babe","caffeinated_babe"
"candyapplesugar","candyapplesugar"
"carpethediem1996","carpethediem1996"
"carrotcakestick","carrotcakestick"
"cataluna4","cataluna4"
"catheeien","catheeien"
"cclrd93","cclrd93"
"chaicortado","chaicortado"
"charlieboy723","charlieboy723"
"cheese_puff_diva","cheese_puff_diva"
"cherrywaves07","cherrywaves07"
"chickpeati","chickpeati"
"christina_talks","christina_talks"
"cjm11046","cjm11046"
"classyfruits","classyfruits"
"cloudie-claudie","cloudie-claudie"
"coco_not","coco_not"
"couthyzingiber","couthyzingiber"
"cowgirldreams","cowgirldreams"
"cramchowdah","cramchowdah"
"cricketmealwormmeal","cricketmealwormmeal"
"cultrevolt","cultrevolt"
"cuteshrimp","cuteshrimp"
"cynthiadoll","cynthiadoll"
"da_kid_5","da_kid_5"
"dailyhealthwithkim","dailyhealthwithkim"
"daisygirl3","daisygirl3"
"danger__bean","danger__bean"
"danny_b87","danny_b87"
"datafromravens","datafromravens"
"davidd12344","davidd12344"
"deanoooo812","deanoooo812"
"deebee44","deebee44"
"deepveinthrombosis","deepveinthrombosis"
"defer-deez-nuts","defer-deez-nuts"
"deltapaparooney","deltapaparooney"
"detricksnyder","detricksnyder"
"diabetesrd2020","diabetesrd2020"
"dialysisdietitian","dialysisdietitian"
"dieteticneRD","dieteticneRD"
"dietetics-ModTeam","dietetics-ModTeam"
"dietitian-el","dietitian-el"
"dietitianmama","dietitianmama"
"dinahmyte10","dinahmyte10"
"dinopelican","dinopelican"
"discokitchen87","discokitchen87"
"dmnqdv1980","dmnqdv1980"
"doctorsidehustle","doctorsidehustle"
"doggiemommiee","doggiemommiee"
"dontdoxmebro-","dontdoxmebro-"
"dramafreequeen","dramafreequeen"
"dreydin","dreydin"
"dumbchickpea","dumbchickpea"
"dunno500","dunno500"
"earthlingkitkat25","earthlingkitkat25"
"easyblusher","easyblusher"
"eat_vegetables","eat_vegetables"
"eatingmindfullyrd","eatingmindfullyrd"
"eatmarsss","eatmarsss"
"eatyourproteinplease","eatyourproteinplease"
"eedledoddle","eedledoddle"
"eighteenllama69","eighteenllama69"
"elannaman","elannaman"
"ellri919","ellri919"
"emmjay4040","emmjay4040"
"epicturtlesaur","epicturtlesaur"
"euphoria700","euphoria700"
"evefue","evefue"
"faelinisong","faelinisong"
"fat_louie_58","fat_louie_58"
"fauxsho77","fauxsho77"
"faye_valentine_","faye_valentine_"
"feelin_beet","feelin_beet"
"feraljoy14","feraljoy14"
"figgie-smalls","figgie-smalls"
"findingbelonging","findingbelonging"
"fionaismygirl","fionaismygirl"
"fireflystare1504","fireflystare1504"
"flashpb04","flashpb04"
"flowzbizz","flowzbizz"
"foodbringtome","foodbringtome"
"foodielu333","foodielu333"
"foodsmartz","foodsmartz"
"friendly_foodie567","friendly_foodie567"
"fruit_fanatic","fruit_fanatic"
"fruits-veggie2","fruits-veggie2"
"fundusfaster","fundusfaster"
"fupapack","fupapack"
"galaxyofcoffee","galaxyofcoffee"
"garden_fox_","garden_fox_"
"genecrazy","genecrazy"
"gingerfoxx_","gingerfoxx_"
"glucosemagnolia_","glucosemagnolia_"
"glutenfreecatsociety","glutenfreecatsociety"
"goldlinedhearts","goldlinedhearts"
"gracefulk0508","gracefulk0508"
"green-glass","green-glass"
"grew_up_on_reddit","grew_up_on_reddit"
"gschm0n3y","gschm0n3y"
"gstibot","gstibot"
"gucciganggurl","gucciganggurl"
"gunsandjava","gunsandjava"
"halfxlight","halfxlight"
"hbomb999","hbomb999"
"headless-mando","headless-mando"
"hearthappyatthebeach","hearthappyatthebeach"
"heartmy4","heartmy4"
"heartskipsabeet","heartskipsabeet"
"hihellosalamalikum","hihellosalamalikum"
"hippiecat22","hippiecat22"
"hondagirl200777","hondagirl200777"
"honeyxox","honeyxox"
"hooperbee","hooperbee"
"hope2brd","hope2brd"
"hopeeats","hopeeats"
"howhowhowhoward","howhowhowhoward"
"hushnowonlydreams","hushnowonlydreams"
"i_heart_food","i_heart_food"
"i_love_icescream","i_love_icescream"
"iamhomewithme","iamhomewithme"
"ihelpkidneys","ihelpkidneys"
"illbewatchntheoffice","illbewatchntheoffice"
"ilovebeingmexican","ilovebeingmexican"
"inside-the-madhouse","inside-the-madhouse"
"ithinkinpink93","ithinkinpink93"
"itsbigoleme","itsbigoleme"
"itscollinnotcolin","itscollinnotcolin"
"itsme_12345","itsme_12345"
"izzy_americana","izzy_americana"
"izzyfbabyyy","izzyfbabyyy"
"jakes292929","jakes292929"
"javajunkie10","javajunkie10"
"jaw80","jaw80"
"jaykay413","jaykay413"
"jblaze0608","jblaze0608"
"jbt23","jbt23"
"jdgetrpin","jdgetrpin"
"jeanLouis123","jeanLouis123"
"jiaaa","jiaaa"
"jjsundstrom","jjsundstrom"
"johannabanana","johannabanana"
"justlooking2609","justlooking2609"
"kaltech14","kaltech14"
"kaneeben","kaneeben"
"karameister","karameister"
"karenmai347","karenmai347"
"karinacocina","karinacocina"
"kat8234","kat8234"
"kbmciver","kbmciver"
"kee-kee-","kee-kee-"
"keisaramus","keisaramus"
"kelkell24","kelkell24"
"kiravance","kiravance"
"kittybear69","kittybear69"
"kmm531","kmm531"
"kpmoua","kpmoua"
"kriskrosskrissy","kriskrosskrissy"
"ks4001","ks4001"
"lakejow","lakejow"
"lala0317","lala0317"
"lannay327","lannay327"
"lavender_sayurii","lavender_sayurii"
"laxbro44","laxbro44"
"lboogs1231","lboogs1231"
"lemonyellowdavinci","lemonyellowdavinci"
"lenjac","lenjac"
"letsgojets930","letsgojets930"
"lil_spaigee","lil_spaigee"
"little_sabby","little_sabby"
"littleale95","littleale95"
"littlemissmusings","littlemissmusings"
"liveluuvreddit","liveluuvreddit"
"loganw45","loganw45"
"loserybehavior","loserybehavior"
"lovetoreadit8383","lovetoreadit8383"
"lpj1299","lpj1299"
"lsp372","lsp372"
"lush_rational","lush_rational"
"luvadergolder","luvadergolder"
"lvlindseyg","lvlindseyg"
"madness_hazard","madness_hazard"
"magnoliapointeva","magnoliapointeva"
"maisey20","maisey20"
"mar621","mar621"
"marebeare","marebeare"
"marigold_and_muse","marigold_and_muse"
"maydayjunemoon","maydayjunemoon"
"mcgoobear1","mcgoobear1"
"meep0226","meep0226"
"megatronrollout","megatronrollout"
"meggsnbutter","meggsnbutter"
"meloflo","meloflo"
"melvin_fritz","melvin_fritz"
"meowedandmeowing","meowedandmeowing"
"meowmeowbeansbill","meowmeowbeansbill"
"metome_","metome_"
"microboredom","microboredom"
"miiiiiiaaa","miiiiiiaaa"
"mindfulRD","mindfulRD"
"mirandaeatingcake","mirandaeatingcake"
"miso_hangry","miso_hangry"
"misskinky","misskinky"
"mk5140","mk5140"
"mochalatte29","mochalatte29"
"mojowojo2222","mojowojo2222"
"momrockradio","momrockradio"
"money-please","money-please"
"moopoint_32","moopoint_32"
"mousey129","mousey129"
"mplabs14","mplabs14"
"muelmj04","muelmj04"
"murphalurffffff","murphalurffffff"
"mwb213","mwb213"
"my-cat","my-cat"
"n33nbean","n33nbean"
"naeng-janggo","naeng-janggo"
"napricot","napricot"
"natalielc","natalielc"
"neRD823","neRD823"
"neyshamariie","neyshamariie"
"ninehas4letters","ninehas4letters"
"ninigotmac","ninigotmac"
"nman4141","nman4141"
"nokkamissyjo","nokkamissyjo"
"nonamegal_","nonamegal_"
"nswoe","nswoe"
"oneblackdog1976","oneblackdog1976"
"orangecat100","orangecat100"
"oreocakester918","oreocakester918"
"ouatlh","ouatlh"
"paranoidendroid9999","paranoidendroid9999"
"pastademolisher9000","pastademolisher9000"
"patience115","patience115"
"pea_mcgee","pea_mcgee"
"peachnkeen519","peachnkeen519"
"peachywithasideokeen","peachywithasideokeen"
"peckish_peanut","peckish_peanut"
"perceptionist808","perceptionist808"
"periwinke","periwinke"
"persistance-2024","persistance-2024"
"pestovesto","pestovesto"
"pet2catsinthemorning","pet2catsinthemorning"
"phonetic_luck","phonetic_luck"
"picklebeach2000","picklebeach2000"
"picklegrabber","picklegrabber"
"piinkd_nuts","piinkd_nuts"
"pineapal","pineapal"
"pink_banana_fairy","pink_banana_fairy"
"pink_haired_weirdo","pink_haired_weirdo"
"pinkkiwi29","pinkkiwi29"
"pippinclogs5817","pippinclogs5817"
"plantbasedaff","plantbasedaff"
"plantsnbass","plantsnbass"
"plzdontbetaken66","plzdontbetaken66"
"pmmeursucculents","pmmeursucculents"
"polefoodiegardener","polefoodiegardener"
"polkadots900","polkadots900"
"pollyatomic","pollyatomic"
"pollyprissepants","pollyprissepants"
"poppyseedlover24","poppyseedlover24"
"popsicle22wolves","popsicle22wolves"
"poptartrd","poptartrd"
"potato_nonstarch6471","potato_nonstarch6471"
"pothos--","pothos--"
"pothosxx00","pothosxx00"
"practicalRD","practicalRD"
"princessalonso","princessalonso"
"purplekittycookie","purplekittycookie"
"purplepenguin124","purplepenguin124"
"quesadillaZ_28","quesadillaZ_28"
"quickesthamster","quickesthamster"
"quinnhere303","quinnhere303"
"rangerdude33","rangerdude33"
"rashnull","rashnull"
"razberrylaurenade","razberrylaurenade"
"rdnutrition95","rdnutrition95"
"reall33tpower","reall33tpower"
"rebeccafromla","rebeccafromla"
"redditvirgin123","redditvirgin123"
"redheadvibez","redheadvibez"
"reidkimball","reidkimball"
"rjo755","rjo755"
"rlpsc","rlpsc"
"road2health","road2health"
"robinshp","robinshp"
"robotsaretakingoverr","robotsaretakingoverr"
"rochellebrahm","rochellebrahm"
"rolleddownsoffes","rolleddownsoffes"
"rosesandprosecco","rosesandprosecco"
"runnergirl9786","runnergirl9786"
"runut2","runut2"
"rynduhstalli","rynduhstalli"
"sadpolishboi","sadpolishboi"
"samkRD","samkRD"
"scherear03","scherear03"
"sdemi44_2001","sdemi44_2001"
"sebelay","sebelay"
"selene521","selene521"
"selitty","selitty"
"serenity_5601","serenity_5601"
"seventysakura","seventysakura"
"shakriv","shakriv"
"sheis_magic","sheis_magic"
"shiro9191","shiro9191"
"sidneyluv","sidneyluv"
"silovik","silovik"
"skipper1235","skipper1235"
"skypira","skypira"
"smorales1969","smorales1969"
"smwild_","smwild_"
"snaptree321","snaptree321"
"soccerdiva13","soccerdiva13"
"soupoffender","soupoffender"
"spacelumieree","spacelumieree"
"spb097","spb097"
"spectacularduck","spectacularduck"
"spiderguin","spiderguin"
"splatterqueen","splatterqueen"
"spunkywaffle","spunkywaffle"
"squesadilla","squesadilla"
"squiggly_lines75","squiggly_lines75"
"starfyx3","starfyx3"
"stasiegirl","stasiegirl"
"straystring","straystring"
"summon_the_quarrion","summon_the_quarrion"
"sunnydays10191","sunnydays10191"
"sunnysideRD","sunnysideRD"
"superbrainfloss","superbrainfloss"
"sydandbeans","sydandbeans"
"tHeOrAnGePrOmIsE","tHeOrAnGePrOmIsE"
"tabbystanrd","tabbystanrd"
"tanarose","tanarose"
"tater_pip","tater_pip"
"tex1022","tex1022"
"texassized_104","texassized_104"
"thankfulmindful","thankfulmindful"
"the-rd-coach","the-rd-coach"
"the_drunk_bafoon","the_drunk_bafoon"
"thehunnybee","thehunnybee"
"theimposteramongus","theimposteramongus"
"thejetter","thejetter"
"thekarg18","thekarg18"
"theloudestmanhattans","theloudestmanhattans"
"theokayistdietitian","theokayistdietitian"
"thisisrealgoodtea","thisisrealgoodtea"
"throw_awayooo","throw_awayooo"
"throwaway1283415","throwaway1283415"
"throwaway_academy","throwaway_academy"
"throwitallawaybabee","throwitallawaybabee"
"timeup","timeup"
"travel202284","travel202284"
"twinkle_toes11","twinkle_toes11"
"twinkletoeswwr","twinkletoeswwr"
"txnwahine","txnwahine"
"tylee-hi","tylee-hi"
"uberkillerfiend","uberkillerfiend"
"unrcabnr","unrcabnr"
"veganTNT","veganTNT"
"vergingon","vergingon"
"vitallyorganous","vitallyorganous"
"voxene","voxene"
"waffles_friendswork","waffles_friendswork"
"waifutron69","waifutron69"
"watermelondreah","watermelondreah"
"wellnesssssss","wellnesssssss"
"whaddayacallit","whaddayacallit"
"whateverislovely","whateverislovely"
"whattodoidkhelp","whattodoidkhelp"
"wildflour_K8","wildflour_K8"
"wingdings5","wingdings5"
"wjbqmzl","wjbqmzl"
"xinoux","xinoux"
"ydo-i-dothis","ydo-i-dothis"
"yehyehbro235","yehyehbro235"
"yogikitty72","yogikitty72"
"YourMajesty94","YourMajesty94"
"Zestyclose-Annual692","Zestyclose-Annual692"
"Zealousideal-Cup2153","Zealousideal-Cup2153"
"wendystpete","wendystpete"
"zorotitian","zorotitian"
"Wobisca","Wobisca"
"wondino674","wondino674"
"WildlyMild","WildlyMild"
"WinkingCats","WinkingCats"
"nycdietitian","nycdietitian"
"sjone132","sjone132"
"k_nimativ","k_nimativ"
"Significant_Way_2671","Significant_Way_2671"
"Worker-Silent","Worker-Silent"
"wirumi","wirumi"
"GladCoffee1133","GladCoffee1133"
"waitea","waitea"
"X_XRadarX_X","X_XRadarX_X"
"Wooden_Tell_6485","Wooden_Tell_6485"
"Totilly","Totilly"
"Designer_Employ_9404","Designer_Employ_9404"
"WholeAggravating7102","WholeAggravating7102"
"topicalsatan","topicalsatan"
"what-the-fiber","what-the-fiber"
"trfoodie","trfoodie"
"jemappellepatty","jemappellepatty"
"theebish","theebish"
"WindmillW","WindmillW"
"Lewberries98","Lewberries98"
"urdahln","urdahln"
"ListenWild2049","ListenWild2049"
"Toadkiller_Dog","Toadkiller_Dog"
"Nutrition_Queen","Nutrition_Queen"
"PrettyKiwi8492","PrettyKiwi8492"
